{
  "experiment": "owlvit-coco",
  "model": "google/owlvit-base-patch32",
  "task": "zero_shot_object_detection",
  "clean": {
    "map": 0.24701477587223053,
    "map_50": 0.3787882924079895,
    "map_75": 0.2683400809764862,
    "map_small": 0.07853604853153229,
    "map_medium": 0.23908664286136627,
    "map_large": 0.3651117980480194,
    "mar_1": 0.24287371337413788,
    "mar_10": 0.34796828031539917,
    "mar_100": 0.3530427813529968,
    "mar_small": 0.12197113037109375,
    "mar_medium": 0.3286638855934143,
    "mar_large": 0.4733726978302002
  },
  "obfuscated": {
    "map": 0.21441374719142914,
    "map_50": 0.3281274437904358,
    "map_75": 0.23184430599212646,
    "map_small": 0.041569650173187256,
    "map_medium": 0.16622339189052582,
    "map_large": 0.3295641541481018,
    "mar_1": 0.221763476729393,
    "mar_10": 0.30390283465385437,
    "mar_100": 0.30692875385284424,
    "mar_small": 0.06372230499982834,
    "mar_medium": 0.23603874444961548,
    "mar_large": 0.45296016335487366
  }
}