{
  "experiment": "vit-imagenet",
  "model": "google/vit-base-patch16-224",
  "task": "classification",
  "clean": {
    "accuracy": 0.7126,
    "recall": 0.7125999999999999,
    "precision": 0.7503278284961507,
    "f1": 0.695019273456709
  },
  "obfuscated": {
    "accuracy": 0.65856,
    "recall": 0.6585599999999999,
    "precision": 0.7100365142415083,
    "f1": 0.6420756345714401
  }
}