{
  "experiment": "yolos-coco",
  "model": "hustvl/yolos-tiny",
  "task": "object_detection",
  "clean": {
    "map": 0.2709309756755829,
    "map_50": 0.44114950299263,
    "map_75": 0.275346040725708,
    "map_small": 0.062040816992521286,
    "map_medium": 0.20189528167247772,
    "map_large": 0.4130997359752655,
    "mar_1": 0.2408871203660965,
    "mar_10": 0.3845117688179016,
    "mar_100": 0.40279656648635864,
    "mar_small": 0.10104870796203613,
    "mar_medium": 0.33054256439208984,
    "mar_large": 0.571049153804779
  },
  "obfuscated": {
    "map": 0.23291046917438507,
    "map_50": 0.37687867879867554,
    "map_75": 0.23362845182418823,
    "map_small": 0.047713421285152435,
    "map_medium": 0.17108272016048431,
    "map_large": 0.35854724049568176,
    "mar_1": 0.21596083045005798,
    "mar_10": 0.34099337458610535,
    "mar_100": 0.3590838313102722,
    "mar_small": 0.07706046104431152,
    "mar_medium": 0.28175756335258484,
    "mar_large": 0.507556140422821
  }
}