{
  "experiment": "clip-zero-shot-cifar10",
  "model": "openai/clip-vit-base-patch32",
  "task": "zero_shot_classification",
  "clean": {
    "accuracy": 0.8738,
    "recall": 0.8738000000000001,
    "precision": 0.8812542565184481,
    "f1": 0.8736611793944677
  },
  "obfuscated": {
    "accuracy": 0.85,
    "recall": 0.85,
    "precision": 0.864394687068039,
    "f1": 0.8486449812065512
  }
}