{
  "experiment": "vit-dermamnist",
  "model": "google/vit-base-patch16-224",
  "task": "classification",
  "clean": {
    "accuracy": 0.8149625935162095,
    "recall": 0.6619009084564622,
    "precision": 0.6869578027759896,
    "f1": 0.6721518657804123
  },
  "obfuscated": {
    "accuracy": 0.8079800498753117,
    "recall": 0.6225940312304178,
    "precision": 0.6967348101596876,
    "f1": 0.6548281974244003
  }
}