{
  "experiment": "vit-cifar100",
  "model": "google/vit-base-patch16-224",
  "task": "classification",
  "clean": {
    "accuracy": 0.925,
    "recall": 0.925,
    "precision": 0.9261519534600964,
    "f1": 0.9251620755730297
  },
  "obfuscated": {
    "accuracy": 0.9231,
    "recall": 0.9231,
    "precision": 0.9242623938539516,
    "f1": 0.9232214882878325
  }
}