{
  "experiment": "vit-imagenet",
  "model": "google/vit-base-patch16-224",
  "task": "classification",
  "clean": {
    "accuracy": 0.7948,
    "recall": 0.7948000000000001,
    "precision": 0.7997092760279044,
    "f1": 0.7916021358953353
  },
  "obfuscated": {
    "accuracy": 0.74502,
    "recall": 0.74502,
    "precision": 0.756419350900497,
    "f1": 0.7427809045365719
  }
}